{
  "load_data": 0.041959524154663086,
  "preprocess": 0.48009371757507324,
  "engineer_features": 0.7925217151641846,
  "train_models": 0.2272043228149414,
  "evaluate_models": 0.02489471435546875
}