{
  "load_data": 0.031043529510498047,
  "preprocess": 0.6058924198150635,
  "engineer_features": 0.7335031032562256,
  "train_models": 0.2893538475036621,
  "evaluate_models": 0.08638286590576172
}